{"pitch": [-2.196107942594421, 3.117564324223448, 251.2154555389623, 39.020893451290185], "energy": [-1.4702917337417603, 4.535473346710205, 54.528713652743626, 35.842365959729825]}